{"status":"OK","responseTime":13,"message":[],"Results":[{"geographyId":"99","geographyName":"NATIONAL","caiDescription":"School-K through 12.","totalCai":106802,"yesSubscribe":29153,"noSubscribe":3235,"unknownSubscribe":74414,"downloadSpeed768kto1pt5m":0.03254,"downloadSpeed1pt5mto3m":0.15620,"downloadSpeed3mto6m":0.10917,"downloadSpeed6mto10m":0.04320,"downloadSpeed10mto25m":0.31290,"downloadSpeed25mto50m":0.06517,"downloadSpeed50mto100m":0.03036,"downloadSpeed100mto1g":0.17304,"downloadSpeedGr1g":0.07743,"uploadSpeedLess200k":0.02121,"uploadSpeed200kto768k":0.01882,"uploadSpeed768kto1pt5m":0.05688,"uploadSpeed1pt5mto3m":0.21849,"uploadSpeed3mto6m":0.09448,"uploadSpeed6mto10m":0.05137,"uploadSpeed10mto25m":0.20424,"uploadSpeed25mto50m":0.07040,"uploadSpeed50mto100m":0.03115,"uploadSpeed100mto1g":0.16582,"uploadSpeedGr1g":0.06713,"totalDownloadRecords":23752,"totalUploadRecords":19232},{"geographyId":"99","geographyName":"NATIONAL","caiDescription":"Library.","totalCai":22165,"yesSubscribe":11783,"noSubscribe":891,"unknownSubscribe":9491,"downloadSpeed768kto1pt5m":0.15611,"downloadSpeed1pt5mto3m":0.32145,"downloadSpeed3mto6m":0.16037,"downloadSpeed6mto10m":0.07726,"downloadSpeed10mto25m":0.23133,"downloadSpeed25mto50m":0.01889,"downloadSpeed50mto100m":0.01091,"downloadSpeed100mto1g":0.01987,"downloadSpeedGr1g":0.00381,"uploadSpeedLess200k":0.02030,"uploadSpeed200kto768k":0.13360,"uploadSpeed768kto1pt5m":0.12473,"uploadSpeed1pt5mto3m":0.30108,"uploadSpeed3mto6m":0.14621,"uploadSpeed6mto10m":0.06345,"uploadSpeed10mto25m":0.14660,"uploadSpeed25mto50m":0.01635,"uploadSpeed50mto100m":0.01103,"uploadSpeed100mto1g":0.02877,"uploadSpeedGr1g":0.00788,"totalDownloadRecords":11274,"totalUploadRecords":5075},{"geographyId":"99","geographyName":"NATIONAL","caiDescription":"Medical/healthcare.","totalCai":35325,"yesSubscribe":2944,"noSubscribe":1194,"unknownSubscribe":31187,"downloadSpeed768kto1pt5m":0.05338,"downloadSpeed1pt5mto3m":0.26847,"downloadSpeed3mto6m":0.22321,"downloadSpeed6mto10m":0.13346,"downloadSpeed10mto25m":0.12689,"downloadSpeed25mto50m":0.09555,"downloadSpeed50mto100m":0.05029,"downloadSpeed100mto1g":0.03636,"downloadSpeedGr1g":0.01238,"uploadSpeedLess200k":0.02450,"uploadSpeed200kto768k":0.16373,"uploadSpeed768kto1pt5m":0.12076,"uploadSpeed1pt5mto3m":0.20241,"uploadSpeed3mto6m":0.12291,"uploadSpeed6mto10m":0.09970,"uploadSpeed10mto25m":0.07606,"uploadSpeed25mto50m":0.09239,"uploadSpeed50mto100m":0.04856,"uploadSpeed100mto1g":0.03524,"uploadSpeedGr1g":0.01375,"totalDownloadRecords":2585,"totalUploadRecords":2327},{"geographyId":"99","geographyName":"NATIONAL","caiDescription":"Public safety.","totalCai":48158,"yesSubscribe":7126,"noSubscribe":5317,"unknownSubscribe":35715,"downloadSpeed768kto1pt5m":0.05927,"downloadSpeed1pt5mto3m":0.47067,"downloadSpeed3mto6m":0.12325,"downloadSpeed6mto10m":0.07872,"downloadSpeed10mto25m":0.20334,"downloadSpeed25mto50m":0.01413,"downloadSpeed50mto100m":0.01429,"downloadSpeed100mto1g":0.02340,"downloadSpeedGr1g":0.01292,"uploadSpeedLess200k":0.03130,"uploadSpeed200kto768k":0.11706,"uploadSpeed768kto1pt5m":0.15051,"uploadSpeed1pt5mto3m":0.44845,"uploadSpeed3mto6m":0.07656,"uploadSpeed6mto10m":0.04971,"uploadSpeed10mto25m":0.08438,"uploadSpeed25mto50m":0.00598,"uploadSpeed50mto100m":0.00445,"uploadSpeed100mto1g":0.01902,"uploadSpeedGr1g":0.01258,"totalDownloadRecords":6580,"totalUploadRecords":6518},{"geographyId":"99","geographyName":"NATIONAL","caiDescription":"University, college, other post-secondary.","totalCai":6499,"yesSubscribe":2069,"noSubscribe":632,"unknownSubscribe":3798,"downloadSpeed768kto1pt5m":0.04997,"downloadSpeed1pt5mto3m":0.16335,"downloadSpeed3mto6m":0.07953,"downloadSpeed6mto10m":0.04621,"downloadSpeed10mto25m":0.24557,"downloadSpeed25mto50m":0.10156,"downloadSpeed50mto100m":0.06341,"downloadSpeed100mto1g":0.16389,"downloadSpeedGr1g":0.08651,"uploadSpeedLess200k":0.00848,"uploadSpeed200kto768k":0.03876,"uploadSpeed768kto1pt5m":0.06844,"uploadSpeed1pt5mto3m":0.17020,"uploadSpeed3mto6m":0.07632,"uploadSpeed6mto10m":0.04058,"uploadSpeed10mto25m":0.18110,"uploadSpeed25mto50m":0.09449,"uploadSpeed50mto100m":0.06420,"uploadSpeed100mto1g":0.16233,"uploadSpeedGr1g":0.09509,"totalDownloadRecords":1861,"totalUploadRecords":1651},{"geographyId":"99","geographyName":"NATIONAL","caiDescription":"Other Community support- Government.","totalCai":91480,"yesSubscribe":11100,"noSubscribe":2456,"unknownSubscribe":77924,"downloadSpeed768kto1pt5m":0.06714,"downloadSpeed1pt5mto3m":0.58627,"downloadSpeed3mto6m":0.12070,"downloadSpeed6mto10m":0.05145,"downloadSpeed10mto25m":0.10779,"downloadSpeed25mto50m":0.01511,"downloadSpeed50mto100m":0.01176,"downloadSpeed100mto1g":0.03003,"downloadSpeedGr1g":0.00976,"uploadSpeedLess200k":0.02556,"uploadSpeed200kto768k":0.12646,"uploadSpeed768kto1pt5m":0.08634,"uploadSpeed1pt5mto3m":0.54312,"uploadSpeed3mto6m":0.07405,"uploadSpeed6mto10m":0.02948,"uploadSpeed10mto25m":0.06268,"uploadSpeed25mto50m":0.01155,"uploadSpeed50mto100m":0.00346,"uploadSpeed100mto1g":0.02802,"uploadSpeedGr1g":0.00928,"totalDownloadRecords":10456,"totalUploadRecords":10992},{"geographyId":"99","geographyName":"NATIONAL","caiDescription":"Other Community support-non Government.","totalCai":17432,"yesSubscribe":1418,"noSubscribe":968,"unknownSubscribe":15046,"downloadSpeed768kto1pt5m":0.06412,"downloadSpeed1pt5mto3m":0.16234,"downloadSpeed3mto6m":0.13068,"downloadSpeed6mto10m":0.27273,"downloadSpeed10mto25m":0.23295,"downloadSpeed25mto50m":0.04302,"downloadSpeed50mto100m":0.01867,"downloadSpeed100mto1g":0.06656,"downloadSpeedGr1g":0.00893,"uploadSpeedLess200k":0.01387,"uploadSpeed200kto768k":0.18108,"uploadSpeed768kto1pt5m":0.33197,"uploadSpeed1pt5mto3m":0.13866,"uploadSpeed3mto6m":0.03752,"uploadSpeed6mto10m":0.04241,"uploadSpeed10mto25m":0.12806,"uploadSpeed25mto50m":0.04323,"uploadSpeed50mto100m":0.01060,"uploadSpeed100mto1g":0.06362,"uploadSpeedGr1g":0.00897,"totalDownloadRecords":1232,"totalUploadRecords":1226}]}