{"status":"OK","responseTime":99,"message":[],"Results":[{"geographyId":"36045","geographyName":"Jefferson","landArea":1857.22368000,"population":113907,"households":41162,"raceWhite":0.80120,"raceBlack":0.05620,"raceHispanic":0.11870,"raceAsian":0.01500,"raceNativeAmerican":0.00890,"incomeBelowPoverty":0.14600,"medianIncome":43447.00000,"incomeLessThan25":0.27530,"incomeBetween25to50":0.28720,"incomeBetween50to100":0.32180,"incomeBetween100to200":0.10210,"incomeGreater200":0.01360,"educationHighSchoolGraduate":0.87300,"educationBachelorOrGreater":0.19100,"ageUnder5":0.08010,"ageBetween5to19":0.21110,"ageBetween20to34":0.21070,"ageBetween35to59":0.33570,"ageGreaterThan60":0.16240,"myAreaIndicator":false},{"geographyId":"39081","geographyName":"Jefferson","landArea":410.43556000,"population":68469,"households":28350,"raceWhite":0.85600,"raceBlack":0.05750,"raceHispanic":0.07820,"raceAsian":0.00580,"raceNativeAmerican":0.00240,"incomeBelowPoverty":0.17600,"medianIncome":37097.00000,"incomeLessThan25":0.34030,"incomeBetween25to50":0.29870,"incomeBetween50to100":0.27860,"incomeBetween100to200":0.07410,"incomeGreater200":0.00830,"educationHighSchoolGraduate":0.86400,"educationBachelorOrGreater":0.14100,"ageUnder5":0.06750,"ageBetween5to19":0.17130,"ageBetween20to34":0.18240,"ageBetween35to59":0.33150,"ageGreaterThan60":0.24720,"myAreaIndicator":false},{"geographyId":"08059","geographyName":"Jefferson","landArea":778.01671000,"population":526373,"households":201132,"raceWhite":0.71900,"raceBlack":0.01910,"raceHispanic":0.21500,"raceAsian":0.03400,"raceNativeAmerican":0.01290,"incomeBelowPoverty":0.07800,"medianIncome":65891.00000,"incomeLessThan25":0.15430,"incomeBetween25to50":0.21850,"incomeBetween50to100":0.34410,"incomeBetween100to200":0.23210,"incomeGreater200":0.05100,"educationHighSchoolGraduate":0.92600,"educationBachelorOrGreater":0.38400,"ageUnder5":0.06490,"ageBetween5to19":0.19100,"ageBetween20to34":0.19270,"ageBetween35to59":0.36450,"ageGreaterThan60":0.18690,"myAreaIndicator":false},{"geographyId":"13163","geographyName":"Jefferson","landArea":529.67619000,"population":16273,"households":6133,"raceWhite":0.34110,"raceBlack":0.51950,"raceHispanic":0.13570,"raceAsian":0.00240,"raceNativeAmerican":0.00130,"incomeBelowPoverty":0.28300,"medianIncome":29036.00000,"incomeLessThan25":0.44620,"incomeBetween25to50":0.28520,"incomeBetween50to100":0.22790,"incomeBetween100to200":0.03440,"incomeGreater200":0.00630,"educationHighSchoolGraduate":0.71300,"educationBachelorOrGreater":0.08900,"ageUnder5":0.09610,"ageBetween5to19":0.22440,"ageBetween20to34":0.20490,"ageBetween35to59":0.29980,"ageGreaterThan60":0.17480,"myAreaIndicator":false},{"geographyId":"16051","geographyName":"Jefferson","landArea":1105.58149000,"population":24444,"households":7641,"raceWhite":0.80780,"raceBlack":0.00410,"raceHispanic":0.17350,"raceAsian":0.00400,"raceNativeAmerican":0.01050,"incomeBelowPoverty":0.10800,"medianIncome":50181.00000,"incomeLessThan25":0.18890,"incomeBetween25to50":0.30850,"incomeBetween50to100":0.37760,"incomeBetween100to200":0.11310,"incomeGreater200":0.01190,"educationHighSchoolGraduate":0.83400,"educationBachelorOrGreater":0.16500,"ageUnder5":0.09500,"ageBetween5to19":0.26510,"ageBetween20to34":0.21880,"ageBetween35to59":0.27410,"ageGreaterThan60":0.14690,"myAreaIndicator":false},{"geographyId":"42065","geographyName":"Jefferson","landArea":656.78006000,"population":45235,"households":18237,"raceWhite":0.92910,"raceBlack":0.00330,"raceHispanic":0.06070,"raceAsian":0.00480,"raceNativeAmerican":0.00200,"incomeBelowPoverty":0.13300,"medianIncome":36917.00000,"incomeLessThan25":0.34030,"incomeBetween25to50":0.31300,"incomeBetween50to100":0.26790,"incomeBetween100to200":0.06600,"incomeGreater200":0.01280,"educationHighSchoolGraduate":0.85900,"educationBachelorOrGreater":0.12300,"ageUnder5":0.07550,"ageBetween5to19":0.18260,"ageBetween20to34":0.18490,"ageBetween35to59":0.32800,"ageGreaterThan60":0.22910,"myAreaIndicator":false},{"geographyId":"17083","geographyName":"Jersey","landArea":377.07666000,"population":23074,"households":8576,"raceWhite":0.91410,"raceBlack":0.01180,"raceHispanic":0.06670,"raceAsian":0.00500,"raceNativeAmerican":0.00230,"incomeBelowPoverty":0.08400,"medianIncome":51553.00000,"incomeLessThan25":0.21440,"incomeBetween25to50":0.25600,"incomeBetween50to100":0.39490,"incomeBetween100to200":0.12180,"incomeGreater200":0.01280,"educationHighSchoolGraduate":0.86400,"educationBachelorOrGreater":0.16200,"ageUnder5":0.07410,"ageBetween5to19":0.18720,"ageBetween20to34":0.20880,"ageBetween35to59":0.32990,"ageGreaterThan60":0.20000,"myAreaIndicator":false},{"geographyId":"12065","geographyName":"Jefferson","landArea":636.53754000,"population":14722,"households":5526,"raceWhite":0.55390,"raceBlack":0.32220,"raceHispanic":0.11720,"raceAsian":0.00330,"raceNativeAmerican":0.00340,"incomeBelowPoverty":0.20400,"medianIncome":44011.00000,"incomeLessThan25":0.31080,"incomeBetween25to50":0.22850,"incomeBetween50to100":0.32880,"incomeBetween100to200":0.11690,"incomeGreater200":0.01500,"educationHighSchoolGraduate":0.81600,"educationBachelorOrGreater":0.17300,"ageUnder5":0.07140,"ageBetween5to19":0.16680,"ageBetween20to34":0.18170,"ageBetween35to59":0.35280,"ageGreaterThan60":0.22730,"myAreaIndicator":false},{"geographyId":"48245","geographyName":"Jefferson","landArea":1112.69540000,"population":232666,"households":87198,"raceWhite":0.41930,"raceBlack":0.32190,"raceHispanic":0.22270,"raceAsian":0.03070,"raceNativeAmerican":0.00540,"incomeBelowPoverty":0.18000,"medianIncome":41420.00000,"incomeLessThan25":0.30830,"incomeBetween25to50":0.26420,"incomeBetween50to100":0.28740,"incomeBetween100to200":0.11920,"incomeGreater200":0.02090,"educationHighSchoolGraduate":0.81400,"educationBachelorOrGreater":0.18000,"ageUnder5":0.07920,"ageBetween5to19":0.20630,"ageBetween20to34":0.20630,"ageBetween35to59":0.32760,"ageGreaterThan60":0.18070,"myAreaIndicator":false},{"geographyId":"19101","geographyName":"Jefferson","landArea":436.87585000,"population":15709,"households":6505,"raceWhite":0.83900,"raceBlack":0.01300,"raceHispanic":0.11840,"raceAsian":0.02680,"raceNativeAmerican":0.00260,"incomeBelowPoverty":0.16700,"medianIncome":39383.00000,"incomeLessThan25":0.32850,"incomeBetween25to50":0.26480,"incomeBetween50to100":0.29780,"incomeBetween100to200":0.09640,"incomeGreater200":0.01240,"educationHighSchoolGraduate":0.91700,"educationBachelorOrGreater":0.31200,"ageUnder5":0.08840,"ageBetween5to19":0.17130,"ageBetween20to34":0.18300,"ageBetween35to59":0.33490,"ageGreaterThan60":0.22210,"myAreaIndicator":false},{"geographyId":"29099","geographyName":"Jefferson","landArea":664.13673000,"population":224688,"households":81565,"raceWhite":0.89800,"raceBlack":0.01300,"raceHispanic":0.07630,"raceAsian":0.00910,"raceNativeAmerican":0.00360,"incomeBelowPoverty":0.09300,"medianIncome":56815.00000,"incomeLessThan25":0.19090,"incomeBetween25to50":0.24230,"incomeBetween50to100":0.39450,"incomeBetween100to200":0.15880,"incomeGreater200":0.01350,"educationHighSchoolGraduate":0.84600,"educationBachelorOrGreater":0.16200,"ageUnder5":0.06350,"ageBetween5to19":0.21200,"ageBetween20to34":0.20140,"ageBetween35to59":0.35360,"ageGreaterThan60":0.16940,"myAreaIndicator":false},{"geographyId":"01073","geographyName":"Jefferson","landArea":1123.80813000,"population":644787,"households":256778,"raceWhite":0.47880,"raceBlack":0.39280,"raceHispanic":0.10670,"raceAsian":0.01700,"raceNativeAmerican":0.00470,"incomeBelowPoverty":0.15200,"medianIncome":44718.00000,"incomeLessThan25":0.28620,"incomeBetween25to50":0.26240,"incomeBetween50to100":0.28700,"incomeBetween100to200":0.12960,"incomeGreater200":0.03480,"educationHighSchoolGraduate":0.86100,"educationBachelorOrGreater":0.28100,"ageUnder5":0.07330,"ageBetween5to19":0.20490,"ageBetween20to34":0.20040,"ageBetween35to59":0.33420,"ageGreaterThan60":0.18720,"myAreaIndicator":false},{"geographyId":"55055","geographyName":"Jefferson","landArea":582.73771000,