{"status":"OK","responseTime":9,"message":[],"Results":{"blockFips":"360779908001025","incomeBelowPoverty":0.15200,"medianIncome":44057.00000,"incomeLessThan25":0.27760,"incomeBetween25to50":0.29220,"incomeBetween50to100":0.31500,"incomeBetween100to200":0.10130,"incomeGreater200":0.01400,"educationHighSchoolGraduate":0.88000,"educationBachelorOrGreater":0.26100}}